{
  "version": "2021.2",
  "applications": [],
  "platforms": [
    {
      "name": "lab-6-mb-platform"
    },
    {
      "name": "lab-6-zynq-platform"
    }
  ],
  "systems": [
    {
      "name": "lab-6-mb-application_system",
      "platform": "/users/students/r0970173/embedded_systems_lab/lab-6/software/lab-6-mb-platform/export/lab-6-mb-platform/lab-6-mb-platform.xpfm",
      "sysConfig": "lab-6-mb-platform",
      "buildConfig": "Debug",
      "applications": [
        {
          "name": "lab-6-mb-application",
          "platform": "/users/students/r0970173/embedded_systems_lab/lab-6/software/lab-6-mb-platform/export/lab-6-mb-platform/lab-6-mb-platform.xpfm",
          "platformPath": "/users/students/r0970173/embedded_systems_lab/lab-6/software/lab-6-mb-platform/export/lab-6-mb-platform",
          "sysConfig": "lab-6-mb-platform",
          "domain": "standalone_domain",
          "system": "lab-6-mb-application_system"
        }
      ],
      "platformPath": "/users/students/r0970173/embedded_systems_lab/lab-6/software/lab-6-mb-platform/export/lab-6-mb-platform"
    },
    {
      "name": "lab-6-zynq-application_system",
      "platform": "/users/students/r0970173/embedded_systems_lab/lab-6/software/lab-6-zynq-platform/export/lab-6-zynq-platform/lab-6-zynq-platform.xpfm",
      "sysConfig": "lab-6-zynq-platform",
      "buildConfig": "Debug",
      "applications": [
        {
          "name": "lab-6-zynq-application",
          "platform": "/users/students/r0970173/embedded_systems_lab/lab-6/software/lab-6-zynq-platform/export/lab-6-zynq-platform/lab-6-zynq-platform.xpfm",
          "platformPath": "/users/students/r0970173/embedded_systems_lab/lab-6/software/lab-6-zynq-platform/export/lab-6-zynq-platform",
          "sysConfig": "lab-6-zynq-platform",
          "domain": "standalone_domain",
          "system": "lab-6-zynq-application_system"
        }
      ],
      "platformPath": "/users/students/r0970173/embedded_systems_lab/lab-6/software/lab-6-zynq-platform/export/lab-6-zynq-platform"
    }
  ],
  "others": []
}